customer_id,first_name,last_name,phone_number,email,password
350,Floyd,Burns,(632) 809-9915,selbime@puv.io,FloydBurnsselb
351,Beatrice,Wheeler,(552) 660-3856,rudeb@iva.ws,BeatriceWheelerrude
352,Josie,Hodges,(355) 525-4868,ipeldat@zuszacnul.cr,JosieHodgesipel
353,Kenneth,Castillo,(718) 762-3417,vicanle@finjat.ls,KennethCastillovica
354,Logan,Bass,(534) 477-5329,hiebigig@wijzafco.ar,LoganBasshieb
355,Essie,Dawson,(200) 270-5321,bossakze@debozapi.se,EssieDawsonboss
356,Nellie,Perez,(411) 563-6756,duhasa@wocfo.fm,NelliePerezduha
357,Gertrude,McBride,(833) 752-7844,tajgazvo@facuvik.mn,GertrudeMcBridetajg
358,Nannie,Adkins,(756) 455-1543,mourso@comejimu.za,NannieAdkinsmour
359,Mathilda,Carlson,(770) 908-5344,galtokvo@hulnuj.bg,MathildaCarlsongalt
360,Nannie,Pierce,(280) 438-6096,ogaovu@nigcif.lk,NanniePierceogao
361,Marvin,Stone,(529) 333-6109,co@emesi.dk,MarvinStoneco@e
362,Luella,Arnold,(447) 598-9016,gis@we.au,LuellaArnoldgis@
363,Isabel,Price,(387) 658-5218,lo@vow.my,IsabelPricelo@v
364,Alejandro,Miller,(943) 760-5791,hocdeeza@ogir.re,AlejandroMillerhocd
365,Cecilia,Garza,(229) 886-7442,zicejako@aw.za,CeciliaGarzazice
366,Nannie,Ward,(359) 980-9451,cub@loag.nu,NannieWardcub@
367,Marie,Harrington,(283) 959-1060,fetbub@hal.hm,MarieHarringtonfetb
368,Emilie,Cunningham,(641) 700-5273,rovjero@dibodelo.uy,EmilieCunninghamrovj
369,Adrian,Larson,(536) 642-8773,inuco@pamteup.sd,AdrianLarsoninuc
370,Marguerite,White,(609) 841-5183,zabdoibi@gevan.mt,MargueriteWhitezabd
371,Sally,Owens,(283) 453-4034,pephe@ucaeku.cd,SallyOwenspeph
372,Eula,James,(333) 471-9225,ikvefo@rod.pe,EulaJamesikve
373,Janie,Barrett,(444) 569-1811,lad@ojo.la,JanieBarrettlad@
374,Harry,Marshall,(478) 618-4026,bob@wid.nz,HarryMarshallbob@
375,Belle,Vasquez,(582) 931-9776,kasave@fageb.ne,BelleVasquezkasa
376,Charles,Ortega,(950) 495-6342,eroil@ziwhegkew.iq,CharlesOrtegaeroi
377,Jeffrey,Hamilton,(962) 737-9644,fuvojfef@zacis.pf,JeffreyHamiltonfuvo
378,Ethel,Washington,(346) 385-8538,gowuvumi@wug.ye,EthelWashingtongowu
379,Leonard,Reid,(348) 488-1621,ebedud@go.li,LeonardReidebed
380,Dora,Bell,(919) 587-2369,bacnutra@uk.io,DoraBellbacn
381,Leroy,Wise,(800) 480-3993,af@va.nc,LeroyWiseaf@v
382,Leo,Gardner,(587) 202-5793,ha@joc.ge,LeoGardnerha@j
383,Ophelia,Murphy,(238) 681-7689,vupfudri@vugi.pg,OpheliaMurphyvupf
384,Ronnie,Wagner,(429) 909-4990,buvecavo@te.by,RonnieWagnerbuve
385,Trevor,Simmons,(942) 261-3734,nar@modop.dj,TrevorSimmonsnar@
386,Peter,Reid,(432) 492-5855,ciz@il.im,PeterReidciz@
387,Stanley,Frank,(338) 801-8291,tupvin@ru.ie,StanleyFranktupv
388,Jayden,Butler,(934) 816-6059,piwih@gazku.gf,JaydenButlerpiwi
389,Antonio,Barrett,(745) 506-4396,vofuwu@cugek.va,AntonioBarrettvofu
390,Mark,Patton,(968) 623-2679,wade@giwsosa.cy,MarkPattonwade
391,Howard,Lawson,(222) 977-3403,ban@ruhomemi.lc,HowardLawsonban@
392,Bessie,Reid,(337) 832-6655,edsulih@aru.nf,BessieReidedsu
393,Christopher,Howard,(683) 821-5965,cac@mu.bs,ChristopherHowardcac@
394,Nora,Marshall,(727) 613-1338,sis@gu.it,NoraMarshallsis@
395,Lucy,Becker,(532) 876-5284,fiv@numawa.gg,LucyBeckerfiv@
396,Harriet,Patton,(442) 767-5134,libuzmu@cegu.sm,HarrietPattonlibu
397,Ray,Little,(646) 869-2576,ipanefgof@man.pk,RayLittleipan
398,Marc,Walker,(615) 835-5370,ni@vehjaj.ly,MarcWalkerni@v
399,Harry,Brown,(765) 425-3348,fissuvgip@dofvepke.ye,HarryBrownfiss
400,Craig,Rivera,(886) 292-4870,zosogaze@gejbahen.tc,CraigRiverazoso
401,Mabel,Graham,(666) 308-4343,dina@befojbuc.mg,MabelGrahamdina
402,Fanny,Peterson,(351) 601-9719,hapurer@suuclol.lk,FannyPetersonhapu
403,Gabriel,Mendoza,(733) 236-5098,um@du.is,GabrielMendozaum@d
404,Eunice,Lewis,(586) 921-8273,bo@agehuno.kz,EuniceLewisbo@a
405,Marvin,Vega,(429) 441-2419,girehed@pomo.pw,MarvinVegagire
406,Cora,Joseph,(226) 952-5125,mowvep@gekisi.sn,CoraJosephmowv
407,Randall,Atkins,(285) 454-1336,olcemket@orade.fk,RandallAtkinsolce
408,Roxie,Houston,(352) 273-5365,etu@on.pw,RoxieHoustonetu@
409,Ina,Herrera,(734) 434-8749,gefo@sirih.gu,InaHerreragefo
410,Vincent,Tucker,(323) 415-5258,tikmi@figab.ac,VincentTuckertikm
411,Kevin,Casey,(710) 376-1626,cetre@ew.al,KevinCaseycetr
412,Mae,Bates,(737) 903-3496,mek@feclori.ky,MaeBatesmek@
413,Marie,Harris,(463) 252-7467,vomo@ofwiznuk.tv,MarieHarrisvomo
414,Elmer,Jensen,(470) 699-5138,hah@cuh.sx,ElmerJensenhah@
415,Adele,Fletcher,(672) 861-6194,ofahepi@jatebuc.ma,AdeleFletcherofah
416,Jacob,Hanson,(767) 364-9191,zu@dulumfez.iq,JacobHansonzu@d
417,Warren,Vaughn,(538) 229-4304,wef@wenaz.hm,WarrenVaughnwef@
418,Katharine,Bass,(745) 628-3967,luaj@beb.dj,KatharineBassluaj
419,Fanny,Horton,(374) 720-7740,we@nupfamra.tf,FannyHortonwe@n
420,Ricky,Robbins,(654) 769-7899,avlon@cak.gi,RickyRobbinsavlo
421,Allie,Gross,(763) 710-1035,jakiv@kadcajjar.ht,AllieGrossjaki
422,Winifred,Ingram,(858) 863-6821,pamozepi@utusi.sk,WinifredIngrampamo
423,Ernest,Bailey,(533) 992-9898,hujosfac@voteoz.st,ErnestBaileyhujo
424,Herbert,Byrd,(315) 973-1377,teweb@rude.gt,HerbertByrdtewe
425,Gerald,Hall,(726) 332-5021,vis@omima.id,GeraldHallvis@
426,Arthur,Hardy,(549) 635-5857,piwsom@uj.ve,ArthurHardypiws
427,Darrell,Colon,(878) 978-8807,dubso@zezdidi.fm,DarrellColondubs
428,Mike,Delgado,(676) 923-7042,cehuno@irzuz.tm,MikeDelgadocehu
429,Walter,Gordon,(424) 838-8311,rofte@hoh.gl,WalterGordonroft
430,Hettie,Silva,(859) 973-1030,linifojar@wuz.lc,HettieSilvalini
431,Brandon,Jackson,(231) 979-4060,zekehago@re.la,BrandonJacksonzeke
432,Derrick,Hale,(448) 602-1220,maofa@zigzitsep.pf,DerrickHalemaof
433,Isabella,Russell,(303) 661-6570,kida@ti.bq,IsabellaRussellkida
434,Dominic,Gregory,(243) 371-4814,bohpiw@bajwolem.am,DominicGregorybohp
435,Brent,McKenzie,(230) 520-4997,haduli@loskuufu.tz,BrentMcKenziehadu
436,Randall,Sanchez,(660) 975-5365,soopele@of.sh,RandallSanchezsoop
437,Floyd,Nash,(806) 592-3034,nowkab@zufune.bo,FloydNashnowk
438,Jerome,Rogers,(254) 576-8417,guk@vi.mw,JeromeRogersguk@
439,Adam,Frank,(979) 709-6104,nuce@ja.rw,AdamFranknuce
440,Ricardo,Cain,(425) 871-3734,ecdej@nikdikaf.sr,RicardoCainecde
441,Lucile,Day,(637) 559-8523,etigav@etaepbot.re,LucileDayetig
442,Nancy,Ellis,(523) 432-7924,mauf@oheka.my,NancyEllismauf
443,Agnes,Williams,(344) 909-4405,ipifen@caczob.so,AgnesWilliamsipif
444,Seth,West,(220) 743-6665,huclipcet@couz.et,SethWesthucl
445,Cole,Franklin,(473) 740-5042,ho@zafis.cd,ColeFranklinho@z
446,Ryan,Rowe,(408) 996-1312,nogamrul@lovradhuz.mq,RyanRowenoga
447,Josephine,Hansen,(887) 582-3325,afova@kuwweg.tr,JosephineHansenafov
448,Adam,Ryan,(659) 748-9271,heonhu@oknep.bi,AdamRyanheon
449,Pauline,Hart,(805) 501-9652,metisgu@camu.gt,PaulineHartmeti