1501,800,Ora,Ellis,(983) 658-2536,gonciuzi@olago.uy,OraEllisgonc
1502,800,Terry,Tran,(629) 434-7694,pasez@bov.yt,TerryTranpase
1503,800,Richard,Black,(433) 551-6267,tulniz@zafhait.edu,RichardBlacktuln
1504,800,Joel,Peters,(652) 443-4294,ugiluhtuc@lo.ki,JoelPetersugil
1505,800,Curtis,Adams,(783) 856-7086,tojkeuri@gijgabru.in,CurtisAdamstojk
1506,800,Josephine,Wood,(665) 513-4189,ubsip@cob.tm,JosephineWoodubsi
1507,800,Vera,Medina,(654) 453-3522,umcuap@cioko.tl,VeraMedinaumcu
1508,801,Sylvia,Patterson,(951) 725-4461,liregon@murki.co.uk,SylviaPattersonlire
1509,801,Leonard,Hubbard,(445) 341-7348,iptov@jeiguma.om,LeonardHubbardipto
1510,801,Katharine,Shaw,(856) 480-9350,vo@jusduf.hu,KatharineShawvo@j
1511,801,Ruth,Peterson,(405) 983-3464,lamza@uh.sn,RuthPetersonlamz
1512,801,Manuel,Garrett,(477) 608-6313,vukfanu@buh.hu,ManuelGarrettvukf
1513,801,Cameron,Underwood,(413) 879-1403,pile@sojepeni.me,CameronUnderwoodpile
1514,801,Larry,Sutton,(947) 523-3531,zud@epte.zm,LarrySuttonzud@
1515,802,Lizzie,Ryan,(229) 886-1806,depguk@pozipla.nz,LizzieRyandepg
1516,802,Francis,McDonald,(888) 746-4780,anralpu@tuaf.om,FrancisMcDonaldanra
1517,802,Thomas,Palmer,(378) 381-7348,fu@rotnad.so,ThomasPalmerfu@r
1518,802,Eugenia,Green,(333) 234-3092,cef@gu.ps,EugeniaGreencef@
1519,802,Tony,Schmidt,(572) 872-8549,zoksejaj@ceslesce.cd,TonySchmidtzoks
1520,802,Nellie,Townsend,(678) 803-9146,lo@diij.tf,NellieTownsendlo@d
1521,802,Virgie,Hoffman,(706) 220-2761,resfod@tu.gy,VirgieHoffmanresf
1522,803,Scott,Houston,(304) 477-4878,fu@te.by,ScottHoustonfu@t
1523,803,Carl,Gonzales,(567) 410-8385,fa@oboopege.hr,CarlGonzalesfa@o
1524,803,Matthew,Hall,(722) 400-1828,uvnoj@wigocpos.dj,MatthewHalluvno
1525,803,Etta,Frank,(706) 918-9294,ro@mi.mq,EttaFrankro@m
1526,803,Katherine,Palmer,(245) 732-7369,soskedeh@meketal.cf,KatherinePalmersosk
1527,803,Matthew,Moreno,(312) 685-7543,bordi@vipsono.zm,MatthewMorenobord
1528,803,Christopher,Figueroa,(362) 753-7826,ivti@tim.ke,ChristopherFigueroaivti
1529,804,Tommy,Greer,(622) 930-8530,keg@new.st,TommyGreerkeg@
1530,804,Myrtie,Kelly,(545) 579-3299,den@fus.ng,MyrtieKellyden@
1531,804,Emilie,Warner,(764) 318-8515,alviren@lahcoseh.fm,EmilieWarneralvi
1532,804,Charlotte,Johnston,(684) 963-8616,hahmu@jaad.zm,CharlotteJohnstonhahm
1533,804,Raymond,Hudson,(454) 354-9242,eghunji@ceupouw.ss,RaymondHudsoneghu
1534,804,Jared,Lopez,(511) 216-8806,danekew@ir.gn,JaredLopezdane
1535,804,Glen,Grant,(500) 214-4901,sew@daovdo.af,GlenGrantsew@
1536,805,Carrie,Leonard,(713) 419-1842,fisa@coc.lk,CarrieLeonardfisa
1537,805,Polly,Christensen,(313) 717-5379,epfusnal@kun.cu,PollyChristensenepfu
1538,805,Harriet,Bush,(327) 753-9596,poap@mawregbi.cv,HarrietBushpoap
1539,805,Evelyn,Ball,(458) 265-3337,risa@puhif.kp,EvelynBallrisa
1540,805,Georgie,Wilkerson,(232) 709-7954,mi@muce.la,GeorgieWilkersonmi@m
1541,805,Noah,Warren,(521) 860-2083,guz@fuhkozme.fo,NoahWarrenguz@
1542,805,Delia,Daniels,(521) 559-9052,zaake@dabjarfi.bz,DeliaDanielszaak
1543,806,Aiden,Vasquez,(756) 733-7496,pov@lowloar.iq,AidenVasquezpov@
1544,806,Clarence,Cunningham,(607) 772-6131,egukereg@cor.ac,ClarenceCunninghameguk
1545,806,Alejandro,Andrews,(323) 954-4830,zajuvnun@iba.bg,AlejandroAndrewszaju
1546,806,Lelia,Saunders,(355) 363-2547,zo@vuruvhi.uy,LeliaSaunderszo@v
1547,806,Mitchell,Andrews,(721) 776-5407,ikiwodva@wifsavjo.bw,MitchellAndrewsikiw
1548,806,Ola,McKinney,(479) 665-6699,zewe@ru.lb,OlaMcKinneyzewe
1549,806,Fanny,Weber,(559) 353-3135,jiz@wa.im,FannyWeberjiz@
1550,807,Ray,Joseph,(729) 539-5012,sefdipfam@ekrek.bo,RayJosephsefd
1551,807,Helen,Nash,(582) 638-9533,hem@hidji.ye,HelenNashhem@
1552,807,Russell,Ortega,(582) 200-8681,segotto@ker.it,RussellOrtegasego
1553,807,Dominic,Moreno,(447) 470-1355,faz@nu.vn,DominicMorenofaz@
1554,807,Steve,Romero,(669) 277-1109,surba@rekasib.br,SteveRomerosurb
1555,807,Lillie,Newton,(444) 369-3003,zigubiw@tut.no,LillieNewtonzigu
1556,807,Charlie,French,(537) 814-6722,tovogoju@bemjufpes.mt,CharlieFrenchtovo
1557,808,Callie,Hill,(874) 618-1542,kivur@votnu.pw,CallieHillkivu
1558,808,Elva,Diaz,(668) 654-1012,kesko@facuta.ie,ElvaDiazkesk
1559,808,Danny,Adkins,(568) 491-8233,gu@el.vc,DannyAdkinsgu@e
1560,808,Sophia,Watkins,(868) 251-3417,docuva@re.al,SophiaWatkinsdocu
1561,808,Kenneth,Baker,(446) 409-8517,goz@cerneozo.bd,KennethBakergoz@
1562,808,Ethan,Huff,(484) 435-5180,kimpunpew@obwafzag.uz,EthanHuffkimp
1563,808,Leroy,Williams,(216) 219-1399,ciruhi@bak.ai,LeroyWilliamsciru
1564,809,Samuel,Santos,(353) 756-1037,opwev@gelet.np,SamuelSantosopwe
1565,809,Rosetta,Harvey,(604) 991-4610,fuhtihhe@ve.ye,RosettaHarveyfuht
1566,809,Emilie,Norton,(973) 270-5885,je@zeso.tr,EmilieNortonje@z
1567,809,Clara,Moran,(725) 235-5373,age@riuside.de,ClaraMoranage@
1568,809,Bertha,Jimenez,(253) 392-8689,gadihru@zurib.ua,BerthaJimenezgadi
1569,809,Jared,Griffin,(866) 264-2098,ciz@ditu.mp,JaredGriffinciz@
1570,809,Beulah,Wong,(712) 726-9704,lemaj@cu.rs,BeulahWonglema
1571,808,Elva,Anderson,(569) 878-8746,deb@paf.fj,ElvaAndersondeb@
1572,810,Roxie,Robinson,(852) 256-4354,hezefi@ok.uy,RoxieRobinsonheze
1573,810,Maria,Hicks,(436) 388-6521,niwle@ocozaar.ve,MariaHicksniwl
1574,810,Theresa,McDonald,(943) 516-3032,ricgop@jeruzsi.kz,TheresaMcDonaldricg
1575,810,Mabelle,Craig,(334) 820-6381,one@ruejfik.li,MabelleCraigone@
1576,810,Alta,Gordon,(214) 873-6946,tajuw@jaid.as,AltaGordontaju
1577,810,Douglas,Chavez,(613) 702-2781,de@zedep.je,DouglasChavezde@z
1578,811,Dean,Daniels,(667) 740-1028,racuduf@zouzcu.dm,DeanDanielsracu
1579,811,Isabel,Perez,(732) 454-4287,wanla@iguji.je,IsabelPerezwanl
1580,811,Eleanor,Gilbert,(424) 201-9299,acmofzu@vecim.uz,EleanorGilbertacmo
1581,811,Cora,Cole,(629) 860-4341,rar@wu.hm,CoraColerar@
1582,811,Henry,Davidson,(380) 937-1779,keppoez@ugi.gb,HenryDavidsonkepp
1583,811,Rena,Nguyen,(249) 399-9842,dam@li.mx,RenaNguyendam@
1584,811,Cole,Matthews,(450) 920-7305,ko@gaf.mt,ColeMatthewsko@g
1585,812,Mollie,Rodriguez,(288) 913-8487,fehica@pem.bv,MollieRodriguezfehi
1586,812,Lois,Tate,(811) 439-3396,zej@kekebdug.mo,LoisTatezej@
1587,812,Ronald,Ortega,(580) 451-2993,wi@vuv.mg,RonaldOrtegawi@v
1588,812,Victor,Hale,(946) 719-1861,jib@rotnajva.pf,VictorHalejib@
1589,812,James,Caldwell,(264) 430-2916,sij@ewohiuno.ec,JamesCaldwellsij@
1590,812,Lula,Andrews,(254) 351-9882,nobe@omjab.tl,LulaAndrewsnobe
1591,812,Eva,Morales,(806) 405-7677,huku@mozmahido.kp,EvaMoraleshuku
1592,813,Grace,Dennis,(503) 690-7161,meb@hetciri.bd,GraceDennismeb@
1593,813,Kyle,Reed,(603) 494-5549,hu@me.cd,KyleReedhu@m
1594,813,Thomas,Bowers,(358) 591-2109,aje@iblan.gl,ThomasBowersaje@
1595,813,Jordan,Wallace,(270) 795-5595,wizlitu@gew.la,JordanWallacewizl
1596,813,Shane,Davidson,(237) 810-9813,kaha@adiuduti.np,ShaneDavidsonkaha
1597,813,Ola,Williams,(853) 803-5279,efsuuh@ged.br,OlaWilliamsefsu
1598,813,Sean,Walton,(602) 418-2266,beni@rocfu.ci,SeanWaltonbeni
1599,813,Stanley,Moran,(683) 958-7343,cinas@nupag.aw,StanleyMorancina
1600,813,Gabriel,Howell,(610) 357-1199,galiv@de.mc,GabrielHowellgali